ABANDONAR;DESERTAR
ABANDONAR;DESERÇÃO
ABATIMENTO;DESCONTO
ABNEGAÇÃO;SACRIFÍCIO
ABRIGAR;PROTEGER
ABSTER;ABANDONAR
ABUSAR;ABUSIVO
ABÓBADA;TELHADO
ACABOU;ACABAR
ACANHADO;ACANHAR
ACANHADO;VERGONHA
ACEITAR;RECEPTIVIDADE
ACEITAÇÃO;ACEITA
ACELERARMOS;ACELERAR
ACLARAR;EXPLICAR
ACORDEOM;SANFONA
ACORDEON;SANFONA
ACORDEÃO;SANFONA
ACORDO;COALIZÃO
ACORDO;COLIGAÇÃO
ACUSAÇÃO;LIBELO_ACUSATÓRIO
ADENTRANDO;ADENTRAR
ADEQUADO;CABÍVEL
ADESIVO;ADESIVAR
ADIAR;PROCASTINAR
ADIAR;PRORROGAR
ADICIONANDO;ADICIONAR
ADICIONAR;MAIS
ADMINISTRATIVA;ADMINISTRATIVO
ADORO;ADORAR
AERONAVE;AVIÃO
AEROPLANO;AVIÃO
AFANAR;ROUBAR
AFASTAR;AFASTAMENTO
AFEIÇOADO;AFEIÇOAR
AFEIÇOADO;DISCÍPULO
AFERIR;MEDIR
AFERIÇÃO;MEDIR
AFERRAR;CERCAR
AFORTUNADO;AFORTUNAR
AFROBRASILEIRA;AFROBRASILEIRO
AGASTADO;AGASTAR
AGENCIAR;PEDIR
AGLOMERAÇÃO;MULTIDÃO
AGONIADO;AGONIAR
AGREGANDO;AGREGAR
AGRICULTORA;MULHER_ENXADA
AGRICULTURADA;AGRICULTURADO
AGROTÓXICO;DEFENSIVO_AGRÍCOLA
AIPIM;MACAXEIRA
AJUSTADO;AJUSTAR
AJUSTANDO;AJUSTAR
ALCUNHA;APELIDO
ALFORJE;SACOLA
ALGARISMO;NÚMERO
ALIENADO;ALIENAR
ALIMENTADA;ALIMENTADO
ALIMENTANDO;ALIMENTAR
ALIMENTAR;COMER
ALIMENTAÇÃO;COMER
ALIMENTO;COMER
ALOUCAR;LOUCO
ALPINISMO;ESCALAR
ALPINISTA;ESCALAR
ALTERANDO;ALTERAR
ALUGUEL;LOCAÇÃO
ALÉRGICO;PESSOA_ALERGIA
AMARGURADO;AMARGURAR
AMASIADO;AMASIAR
AMEDRONTADO;MEDO
AMENO;AMENIZAR
AMOLECER;MOLE
AMOLECIDO;MOLE
AMPARADA;AMPARADO
ANALISA;ANALISAR
ANALISADA;ANALISADO
ANALISANDO;ANALISAR
ANARQUIZADO;ANARQUIZAR
ANCIÃO;VELHO
ANDANDO;ANDAR
ANDARES;ANDAR
ANIMOSIDADE;INIMIGO
ANIQUILAR;DESTRUIR
ANTECIPANDO;ANTECIPAR
ANTECIPAR;ANTES
ANTECIPAÇÃO;ANTES
ANTEPASSADOS;ANTEPASSADO
ANTIGUIDADE;VELHO
ANUNCIADO;ANUNCIAR
ANUNCIANDO;ANUNCIAR
ANÚNCIO;CARTAZ
APANHAR;ESPANCAR
APARECIDA;APARECIDO
APAVORADO;MEDO
APELIDAR;APELIDO
APENSADO;APENSAÇÃO
APERFEIÇOANDO;APERFEIÇOAR
APIMENTADO;PIMENTA
APLAUDIDO;APLAUSO
APOIANDO;APOIAR
APONTANDO;APONTAR
APONTAR;APONTADO
APONTARMOS;APONTAR
APOSENTANDO;APOSENTAR
APOSENTAR;APOSENTADA
APOSENTO;QUARTO
APRECIADO;APRECIAR
APREENSIVO;MEDO
APRESENTA;APRESENTAR
APRESENTANDO;APRESENTAR
APRISIONADO;APRISIONAR
APRISIONAR;PRENDER
APROFUNDAR;PROFUNDO
APROXIMANDO;APROXIMAR
APURRINHANDO;APURRINHAR
APÓIEM;APOIAR
APÓSTOLO;DISCÍPULO
AQUECIDA;AQUECIDO
AQUÁTICA;AQUÁTICO
ARCUNFERÊNCIA;CÍRCULO
ARDIDO;PIMENTA
AREJADO;AREJAR
ARMAZENANDO;ARMAZENAR
ARREDONDADO;ARREDONDAR
ARREDORES;VIZINHO
ARREMATAR;PEGAR
ARRISCANDO;ARRISCAR
ARROJADO;ARRUJAR
ARROJADO;CORAJOSO
ARROJO;CORAJOSO
ARROMBAR;ARROMBAMENTO
ARTICULADO;ARTICULAR
ASCENSORISTA;ELEVADOR
ASFIXIA;SUFOCAR
ASFIXIAR;SUFOCAR
ASPIRADA;ASPIRAR
ASPIRADO;ASPIRAR
ASPIRANDO;ASPIRAR
ASSASSINAR;MATAR
ASSASSINATO;MATAR
ASSASSÍNIO;MATAR
ASSIMILADA;ASSIMILADO
ASSISTENTE;PESSOA_AJUDAR
ASSOCIADO;CLUBE
ASSOCIADOS;ASSOCIADO
ASSOLAR;DESTRUIR
ASSOMBRADO;ASSOMBRAR
ASSUMIR;ARCAR
ASSUMIR;ASSUMIDO
ASTRÔNOMO;PESSOA_ASTRONOMIA
ATAREFADO;ATAREFAR
ATCHIN;ESPIRRO
ATENDENDO;ATENDER
ATENDER;ATENDER
ATENDERMOS;ATENDER
ATERRORIZADO;MEDO
ATINGIDA;ATINGIDO
ATIVO;ATIVAR
ATLÂNTICA;ATLÂNTICO
ATORDOAMENTO;ATORDOAR
ATRASO;MORA
ATRIBUINDO;ATRIBUIR
ATUALIZADA;ATUALIZADO
ATUALIZANDO;ATUALIZAR
ATÔNITO;PASMO
AUDACIOSAMENTE;CORAJOSO
AUDACIOSO;CORAJOSO
AUDAZ;CORAJOSO
AUDÁCIA;CORAJOSO
AUFERIR;MEDIR
AUMENTO;MAJORAÇÃO
AUSENTAR;SAÍDA
AUSÊNCIA;FALTA
AUTOMOBILISMO;DIRIGIR
AUTOMÓVEL;DIRIGIR
AUTORIZADA;AUTORIZADO
AUTORIZAÇÃO;AUTORIZAR
AUTORRECONHECIMENTO;AUTORRECONHECER
AUTÓPSIA;NECRÓPSIA
AUXILIADO;AUXILIAR
AUXILIAR;PESSOA_AJUDAR
AVANÇADO;AVANÇAR
AVANÇANDO;AVANÇAR
AVARIA;AVARIAR
AVÔ;VOVÔ
BADALAR;BADALO
BADERNA;BADERNAR
BAILARINO;BALE
BAIXANDO;BAIXAR
BAIXÍSSIMA;BAIXÍSSIMA
BALADEIRA;BALEADEIRA
BALDEAÇÃO;BALDER
BANDIDO;MÁFIA
BANIR;EXPULSAR
BARALHAR;EMBARALHAR
BARBEIRO;HOMEM_BARBEAR
BASTA;ACABAR
BATIDA;ABALROAMENTO
BEIRA-MAR;LITORAL
BEM-SUCEDIDO;BEM-SUCEDIDA
BENEFICIAR;FAVORECER
BENZER;ABENÇOAR
BERGAMOTA;TANGERINA
BIG;GRANDE
BILÓGICA;BILÓGICO
BINGO;LOTO
BINGO;VÍSPORA
BIOGEOGRÁFICA;BIOGEOGRÁFICO
BIRITA;BIRITAR
BIRRENTO;TEIMOSO
BLENORREIA;GONORREIA
BLENORRÁGIA;GONORREIA
BLOQUEANDO;BLOQUEAR
BLOQUEIO;BLOQUEAR
BODOQUE;BALEADEIRA
BORRASCA;TEMPESTADE
BRACAR;FREIAR
BRAMIDO;GRITO
BRANDO;ABRANDAR
BRASILEIRA;BRASIL
BRASILEIRO;BRASIL
BRIDA;RÉDEAS
BRIDÃO;RÉDEAS
BRIGA;LITÍGIO
BRIGA;VIAS_FATO
BRINDE;PRESENTE
BRONZEADO;MORENO
BUG;ERRO
BURLADO;BURLAR
CABOCLO;HOMEM_ENXADA
CABRESTO;RÉDEAS
CADELA;CACHORRO
CADUCO;VELHO
CAGANEIRA;DIARRÉIA
CAIXOTE;CAIXA
CALHAMBEQUE;DIRIGIR
CALÚNIA;CALUNIAR
CAMINHANDO;CAMINHAR
CAMINHAR;ANDAR
CAMPA;TÚMULO
CAMPEÃ;MULHER_CAMPEÃO
CANCELAR;CANCELADO
CANCELAR;RESCISÃO
CANCELAR;SUSTAR
CANINO;CACHORRO
CANÍDEO;CACHORRO
CAPACHO;TAPETE
CAPACITAÇÃO;CAPACITAR
CAPTA;PESSOA
CARAPANA;MOSCA
CARESTIA;CARO
CARIDADE;BENEFICENTE
CARIDADE;FILANTRÓPICO
CARPETE;TAPETE
CARRO;AUTOMÓVEL
CARRO;VEÍCULO
CARTÓRIO;SERVIÇO_NOTARIAL
CASAL;CONJUGAL
CASEIRA;CASEIRO
CATALOGADA;CATALOGADO
CATEGÓRICA;CATEGÓRICO
CAUSA;MOTIVO
CAUTELA;CAUTELAR
CAVANDO;CAVAR
CEDILHA;Ç
CELEBRADA;CELEBRADO
CENTRAIS;CENTRAL
CERCA;CERCAR
CERCADA;CERCADO
CEREBELO;CÉREBRO
CEREBRAL;CÉREBRO
CHACAREIRO;FAZENDEIRO
CHARRETE;CARROCA
CHEGA;ACABAR
CHOCALHEIRO;FOCOQUEIRO
CHOPE;CERVEJA
CIFRA;NÚMERO
CILINDRIFORME;CILÍNDRO
CINGIR;CERCAR
CIRCULANDO;CIRCULAR
CIRCULAR;CÍRCULO
CIRCUNFERÊNCIA;CÍRCULO
CISMADO;CISMAR
CIVILIZATÓRIA;CIVILIZAR
CIVILIZATÓRIO;CIVILIZAR
CIÚME;CIUMENTO
CIÚMENTO;CIÚME
CLAREZA;CLAREAR
CLAREZA;VISIBILIDADE
CLAVADA;CLAVADO
CLIMATIZADA;CLIMATIZADO
CLOUD;NUVEM
CLOUDING;NUVEM
CLÁSSICA;CLÁSSICO
CNH;CARTÃO_CARRO
COBERTA;COBERTO
COBERTURA;TELHADO
COBRADA;COBRADO
COBRINDO;COBRIr
COGNOME;APELIDO
COLABORATIVO;COLABORATIVA
COLETIVISADA;COLETIVISADO
COLÉRICO;RAIVA
COMANDADO;MANDAR
COMEDIDAMENTE;COMEDIR
COMEMORANDO;COMEMORAR
COMENDO;COMER
COMERCIALIZAR;COMÉRCIO
COMERCIANTE;COMÉRCIO
COMERCIAR;COMÉRCIO
COMIDA;COMER
COMPAIXÃO;MISERICÓRDIA
COMPARTILHADA;COMPARTILHAR
COMPATILHADO;COMPARTILHAR
COMPATÍVEL;COMPATIBILIDADE
COMPETINDO;COMPETIR
COMPILADA;COMPILADO
COMPONDO;COMPOR
COMPOSTA;COMPOSTO
COMPRENETRADO;COMPENETRAR
COMUNICANDO;COMUNICAR
CONCEBER;CRIAR
CONCEDIDO;EMPRESTAR
CONCESSÃO;AUTORIZAR
CONCLUIR;ACABAR
CONCLUSAO;ACABAR
CONCORDE;AVIÃO
CONCORRER;COMPETIR
CONDENADO;SENTENCIADO
CONFIANÇA;ACREDITAR
CONFLITANTE;INCOMPATÍVEL
CONFORME;IGUALDADE
CONFRONTAR;COMPETIR
CONFRONTAÇÃO;COMPETIR
CONFRONTO;COMPETIR
CONFUSO;COMPLICADO
CONGELAR;CONGELAMENTO
CONJUNTA;CONJUNTO
CONSENTIMENTO;AUTORIZAR
CONSENTIR;AUTORIZAR
CONSERTO;CONSERTAR
CONSPIRAÇÃO;CONLUIO
CONSTITUTIVA;CONSTITUTIVO
CONSTRANGIDO;ENVERGONHAR
CONSTRUINDO;CONSTRUIR
CONSTRUTOR;CONSTRUIR
CONSTRUTORA;CONSTRUIR
CONSTRUÇÃO;CONSTRUIR
CONSTRUÍDA;CONSTRUIR
CONSTRUÍDO;CONSTRUIR
CONSULTANDO;CONSULTAR
CONSULTAR;PESQUISAR
CONTEMPLANDO;CONTEMPLAR
CONTIDA;CONTIDO
CONTRANGIMENTO;CONSTRANGEDOR
CONTRAPRODUCENTE;MAU
CONTRARIADO;CONTRARIAR
CONTRARIANDO;CONTRARIAR
CONTRARIO;CONTRARIAR
CONTROL;CTRL
CONTROLADA;CONTROLADO
CONVALIDAR;VALIDAR
CONVENCIDA;CONVENCIDO
CONVENCIDO;ARROGANTE
CONVIDADA;CONVIDADO
CONVIDADOS;CONVIDADO
CONVOCADA;CONVOCAR
COQUEIRO;COCO
CORRELACIONADA;CORRELACIONADO
CORRELATO;CORRELATIVO
CORRELATO;RELACIONADO
CORRETO;LIBADO
CORROMPER;SUBORNO
COSMÉTICA;COSMÉTICO
COSTUREIRA;COSTURAR_MULHER
COSTUREIRA;PROFISSIONAL_COSTURAR
COSTUREIRO;COSTURAR_HOMEM
COTIDIANO;COTIDIANA
COVA;TÚMULO
COZINHEIRO;PROFISSIONAL_COZINHAR
CREDITO;CREDITAR
CREMAR;CREMAÇÃO
CRENÇA;ACREDITAR
CRIANDO;CRIAR
CRIARMOS;CRIAR
CRIAÇÃO;CRIAR
CRIME;DELITO
CRIME;INFRÁÇÃO
CRIME;TRANSGRESSÃO
CRIME_BAGATELA;CRIME_INSIGNIFICANTE
CRIME_BAGATELA;DELITO_INSIGNIFICANTE
CRUEL;DESUMANO
CRUEL;MAU
CUJA;CUJO
CULTURA;LAVOURA
CULTURA;PLANTAÇÃO
CUMPRIDA;CUMPRIDO
CUSTAR;CUSTAS
CUSTAR;CUSTOS
CUSTÓDIA;PROTEÇÃO
CÁLICE;TAÇA
CÃO;CACHORRO
CÓLERA;RAIVA
CÔNJUGE;CASAMENTO
CÚPULA;TELHADO
DANOSO;MAU
DATADA;DATADO
DEBANDAR;FUGIR
DEBATENDO;DEBATER
DECISIVA;DECISIVO
DECREPITO;VELHO
DECRETADA;DECRETAR
DEDETIZAR;DETETIZAR
DEDICADA;DEDICAR
DEFENDENDO;DEFENDER
DEFESA;DEFENDER
DEFINIDA;DEFINIR
DEFINIDO;DEFINIR
DEFUNTO;CADAVER
DEGOSTAR;COMER
DEJETAM;DEJETAR
DELEITE;DELEITAR
DELIMITADA;DELIMITADO
DELONGA;DELONGAR
DEMITIDO;DESEMPREGADO
DEMONSTRANDO;DEMONSTRAR
DENOMINANDO;DENOMINAR
DENOMINAR;NOMEAR
DENTADA;MORDER
DESABAMENTO;DESABAR
DESABAR;DESABAR
DESACERTO;DESACERTAR
DESACOMPANHADO;DESACOMPANHAR
DESAFORTUNADO;DESAFORTUNAR
DESAFRONTA;DESAFRONTAR
DESAGRADO;RUIM
DESALINHADO;DESALINHAR
DESAPARECER;SUMIR
DESARRANJADO;DESARRANJAR
DESARRUMADO;DESARRUMAR
DESATINO;DESATINAR
DESAVERGONHADO;DESAVERGONHAR
DESAVIZADA;DESAVIZADO
DESBANCAR;SUPERAR
DESCARADO;DESCARAR
DESCARREGANDO;DESCARREGAR
DESCENDÊNCIA;FAMÍLIA
DESCOLADA;DESCOLAR
DESCOLADO;DESCOLAR
DESCONCENTRADO;DISTRAIDO
DESCORADO;DESCORAR
DESCRITA;DESCRITO
DESCUIDADO;DESCUIDAR
DESCULPA;ESCUSA
DESCULPAS;DESCULPAR
DESDENTADO;DESDENTAR
DESEMPENHO;ATUAÇÃO
DESEMPENHO;PERFOMANCE
DESEMPENHO;PERFORMANCE
DESENCANTANDO;DESENCANTAR
DESENHANDO;DESENHAR
DESENHO;DESENHAR
DESERTO;ERMO
DESERTO;SEM_HABITANTE
DESFEITO;DESFAZER
DESFIGURADO;DESFIGURAR
DESFRANZIR;RESENRUGAR
DESGRAÇADO;DESGRAÇAR
DESIGUAL;DESIGUALAR
DESINTEGRA;DESINTEGRAR
DESISTIR;ABRIR_MÃO
DESLOCADA;DESLOCADO
DESMEDIDO;DESMEDIR
DESMEDIDO;GRANDE
DESMEMORIADO;DESMEMORIAR
DESMORONAMENTO;DESABAR
DESMORONAR;DESABAR
DESNUDO;DESNUDAR
DESOCUPADO;DESOCUPAR
DESONERADO;DESONERAR
DESONERADO;GRATIS
DESORGANIZADO;DESORGANIZAR
DESPEJANDO;DESPEJAR
DESPIDO;DESPIR
DESPRETENCIOSO;HUMILDE
DESPREZO;DESPREZÍVEL
DESPREZÍVEL;DESPREZO
DESPROVIDO;DESPROVER
DESPROVIDO;SEM
DESRESPEITA;DESRESPEITAR
DESRESPEITAR;PROFANAR
DESRESPEITAR;PROFANAÇÃO
DESRESPEITAR;VILIPENDIAR
DESRESPEITAR;VILIPENDIO
DESTACADA;DESTACAR
DESTACADO;DESTACAR
DESTEMIDO;CORAJOSO
DESTEMIDO;DESTEMOR
DESTRUÍDA;DESTRUIR
DESTRUÍDO;DESTRUIR
DESUMANIDADE;DESUMANO
DESVAIRAR;LOUCO
DESVIO;DESVIAR
DETECTANDO;DETECTAR
DETERMINADA;DETERMINADO
DETERMINADO;MANDAR
DETIAM;DETER
DEVASTADA;DEVASTADO
DEVORADORA;DEVORADOR
DEVOTO;DEVOTAR
DEVOTO;DISCÍPULO
DIAGNOSTICAR;PESQUISAR
DIAGNOSTICO;DIAGNOSTICAR
DIALOGANDO;DIALOGAR
DIALOGAÇÃO;DIALOGAR
DIALOGO;DIALOGAR
DIDÁTICO;DIDÁTICA
DIFERENCIADA;DIFERENCIADO
DIFICULDADE;CONTRATEMPO
DIFICULDADE;PERCALÇO
DIFICULDADE;PROBLEMA
DIFUNDINDO;DIFUNDIR
DIFUNDIR;DIALOGAR
DILATAÇÃO;DILATAR
DILIGENCIAR;PEDIR
DIM-DIM;DINDIN
DIMINUTO;PEQUENO
DIN-DIN;DINDIN
DINHEIRO;PECÚNIA
DINHEIRO;RECEITA
DIRIGINDO;DIRIGIR
DISCORRER;FALAR
DISCURSAR;SEMINÁRIO
DISCURSO;PRONUNCIAMENTO_PARLAMENTAR
DISCURSO;SEMINÁRIO
DISCUTINDO;DISCUTIR
DISENTERIA;DIARRÉIA
DISPARIDADE;DIFERENÇA
DISPENDIOSO;CARO
DISPENSADO;DESEMPREGADO
DISTANCIA;DISTANCIAR
DISTENDIDO;DISTENDER
DISTRAÇÃO;DISTRAIDO
DITO;FALAR
DIVERSOS;VÁRIOS
DIVINA;DIVINO
DIVULGAR;DIFUNDIR
DIVULGAR;DIFUSÃO
DIZENDO;DIZER
DIZER;FALAR
DIÁLOGO;DIALOGAR
DOA;DOAR
DOLORIDO;DOLORIR
DOMESTICO;DOMESTICAR
DOMICÍLIO;DOMICILIADA
DOMINADA;DOMINADO
DOMINADO;MANDAR
DOMINANDO;DOMINAR
DOMINAR;MANDAR
DONOS;DONO
DORMITÓRIO;QUARTO
DOTAÇÃO_ORÇAMENTÁRIA;COBERTURA_ORÇAMENTÁRIA
DOTAÇÃO_ORÇAMENTÁRIA;VERBA_ORÇAMENTÁRIA
DUELO;COMPETIR
DURAR;DURÁVEL
DURAR;INDELÉVEL
DUVIDO;DUVIDAR
ECONOMIZADA;ECONOMIZADO
EDIFÍCIO;APARTAMENTO
EDIFÍCIO;PRÉDIO
EFERVECER;EFERVECENTE
EGOÍSMO;EGOISTA
EJETAR;REMOVER
ELABORA;ELABORAR
ELASTICIDADE;ELASTICO
ELENQUEI;ELENCAR
ELEVADA;ELEVADO
ELIMINADA;ELIMINADO
ELIMINADO;ELIMINAR
ELIMINAR;ELIMINAR
ELIMINAR;REMOVER
ELOGIADA;ELOGIADO
ELUCIDAR;CLAREAR
ELÉTRICA;ELÉTRICO
EMAGRECER;MAGRO
EMANA;EMANAR
EMBARACADO;VERGONHA
EMBARAÇAR;VERGONHA
EMBARAÇO;ENVERGONHAR
EMBARAÇO;VERGONHA
EMBASBACADO;EMBASBACAR
EMBATER;DISCUTIR
EMBEBER;ABSORVER
EMBOLORADO;EMBOLORAR
EMBUSTE;MENTIRA
EMBUTIDA;EMBUTIDO
EMOCIONADA;EMOCIONADO
EMPANTURRAR;ENCHER
EMPOEIRADO;EMPOEIRAR
EMPREGO;EMPREGATÍCIO
EMPREITA;CONSTRUIR
EMPREITEIRO;CONSTRUIR
EMPRESARIO;EMPRESARIAR
EMPRESTADO;EMPRESTAR
EMPRÉSTIMO;OPERAÇÃO_CRÉDITO
ENCABULAR;VERGONHA
ENCAIXARIA;ENCAIXAR
ENCALÇADA;ENCALÇADO
ENCAMINHADA;ENCAMINHADO
ENCAMINHANDO;ENCAMINHAR
ENCANADA;ENCANADO
ENCAPETADO;ENCAPETAR
ENCARADA;ENCARADO
ENCARCERADO;ENCARCERAR
ENCARCERAR;PRENDER
ENCARREGADA;ENCARREGADO
ENCERRADA;ENCERRADO
ENCERRAR;ACABAR
ENCHENDO;ENCHER
ENCOLERIZADO;ENCOLERIZAR
ENCONTRADA;ENCONTRADO
ENCORAJAR;ENCORAJADO
ENCORAJAR;ENCORAJAMENTO
ENCRENCA;COMPLICADO
ENCÉFALO;CÉREBRO
ENDIVIDADO;ENDIVIDAR
ENDOIDECER;LOUCO
ENDÊMICA;ENDÊMICO
ENEVOADO;ENEVOAR
ENGAJADA;ENGAJADO
ENGESSADA;ENGESSADO
ENGORDANDO;ENGORDAR
ENJEITADO;ENJEITAR
ENJOADO;ENJOAR
ENLOUQUECIDA;ENLOUQUECIDO
ENORMIDADE;GRANDE
ENROUPAR;VESTIR
ENSANDECER;LOUCO
ENSEADA;BAÍA
ENSEJO;OPORTUNIDADE
ENSINAR;MAGISTÉRIO
ENTORPECENTE;ENTORPECER
ENTORPECER;TORPOR
ENTORPECIDO;TORPOR
ENTRELAÇADO;ENTRELAÇAR
ENTRELAÇANDO;ENTRELAÇAR
ENTREVISTA;ENTREVISTAR
ENXAQUECA;CEFALÉIA
ENXUGAR;SECAR
ENÉRGICO;VEEMENTE
EPÍTETO;APELIDO
EQUILIBRADA;EQUILIBRAR
EQUILIBRADO;EQUILIBRAR
EQUIPA;EQUIPAR
EQUIVALENTE;IGUALDADE
ERIGIR;CONSTRUIR
ESCAFEDER;FUGIR
ESCALADA;ESCALAR
ESCALO;ESCALAR
ESCAPAR;FUGIR
ESCAPE;FUGIR
ESCASSEIS;ESCASSAR
ESCASSO;POUCO
ESCLARECER;EXPLICAR
ESCLARECIMENTO;EXPLICAR
ESCOLHIDA;ESCOLHIDO
ESCRAVIZADO;ESCRAVIZAR
ESFOMEADO;ESFOMEAR
ESGARAVATAR;CISCAR
ESGOTAR;ACABAR
ESGRAVATAR;CISCAR
ESMOLEIRO;MENDIGO
ESNOBE;ESNOBAR
ESPECIALISTA;PERITO
ESPECULANDO;ESPECULAR
ESPERTAR;ACORDAR
ESPIRALAR;ESPIRALADO
ESPORTE;DESPORTE
ESPORTE;DESPORTIVO
ESPOSO;MARIDO
ESPREMIDO;ESPREMER
ESTABELECER;ESTIPULAR
ESTABELECIMENTO;LOCAL
ESTAMPA;DESENHAR
ESTANDARDIZAR;IGUALDADE
ESTANDARDIZAÇÃO;IGUALDADE
ESTELANTE;ESTRELADO
ESTELINGUE;BALEADEIRA
ESTERÓIDE;ANOBOLIZANTE
ESTILINGUE;BALEADEIRA
ESTIOLAR;MUCHAR
ESTRONDO;ESTRONDAR
ESTRUTURADA;ESTRUTURADO
ESTRUTURANDO;ESTRUTURAR
ESTUPEFADO;ESTUPEFAR
EVADIR;FUGIR
EVANGELIZADOR;MISSIONÁRIO
EVASÃO;FUGIR
EVENTUALMENTE;TALVEZ
EVOLUINDO;EVOLUIR
EVOLUTIVA;EVOLUTIVO
EXACERBADO;EXACERBAR
EXAGERADO;EXAGERAR
EXAME;AVALIAÇÃO
EXAMINAR;PESQUISAR
EXASPERADO;EXASPERAR
EXATA;EXATO
EXAURIR;ACABAR
EXAURIR;EXAURIDO
EXCESSO;SOBRECARGA
EXCITAÇÃO;TESÃO
EXCLAMA;EXCLAMAR
EXCLUSIVA;ÚNICO
EXCLUSIVO;ÚNICO
EXCLUÍDA;EXCLUÍDO
EXECRAR;RAIVA
EXECUTADA;EXECUTAR
EXECUTADO;EXECUTAR
EXECUTANDO;EXECUTAR
EXERCENDO;EXERCER
EXIGIDA;EXIGIDO
EXILADA;EXILAR
EXILADO;EXILAR
EXISTE;EXISTIR
EXONERADO;EXONERAR
EXONERANDO;EXONERAR
EXORBITANDO;EXORBITAR
EXORTAR;PESQUISAR
EXPELIR;EXPULSAR
EXPLANAR;EXPLICAR
EXPLANAÇÃO;SEMINÁRIO
EXPLICANDO;EXPLICAR
EXPLICAÇÃO;EXPLICAR
EXPRESSA;EXPRESSAR
EXPRESSAR;FALAR
EXPRIMIR;FALAR
EXPULSO;EXPULSAR
EXTRAVASAR;TRANSBORDAR
EXTRAÍDA;EXTRAÍDO
FALANDO;FALAR
FALSO;APÓCRIFO
FALSO;ESPÚRIO
FALÊNCIA;BANCARROTA
FAMILIAR;FAMÍLIA
FAMILIARIZADO;FAMILIARIZAR
FANTÁSTICA;FANTÁSTICO
FARMACÊUTICO;HOMEM_FARMÁCIA
FARTAR;SACIAR
FASCINADA;FASCINADO
FATIA;FATIAR
FATIADA;FATIADO
FATIANDO;FATIAR
FATIGADO;FATIGAR
FAUNÍSTICA;FAUNÍSTICO
FAVELADO;FAVELA
FEBRIL;FEBRE
FECHADA;FECHADO
FECHADO;LACRADO
FEDERATIVA;FEDERATIVO
FEITA;FEITO
FELICITANDO;FELICITAR
FEMININO;FEMININA
FEMININO;MULHER
FENDIDO;FENDER
FEZES;MERDA
FILTRAR;COAR
FINALIZANDO;FINALIZAR
FINDAR;ACABAR
FIRMA;EMPRESA
FISCALIZAR;FISCALIZAÇÃO
FIXA;FIXO
FOBIA;AVERSÃO
FOFOCA;FOFOCAR
FOLCLÓRICO;FOLCLORE
FORMADA;FORMAR
FORMADO;DIPLOMADO
FORMADO;FORMAR
FORMANDO;FORMAR
FORMANDO;FORMATURA
FORMAR;FORMATURA
FORMATURA;COLAÇÃO_GRAU
FORMIGUEIRO;CASA_FORMIGA
FORNECENDO;FORNECER
FRALDAM;FRALDAR
FRANCESA;FRANCÊS
FRANCÊS;FRANCA
FRAUDE;FRAUDULENTO
FRICCIONADA;FRICCIONAR
FRICCIONADO;FRICCIONAR
FRICCIONANDO;FRICCIONAR
FRUTICULTURA;AGRICULTURA_FRUTA
FRUTO;FRUTA
FRUTÍFERO;FRUTA
FUGA;FUGIR
FUGINDO;FUGIR
FUGITIVO;FUGIR
FUNCIONADA;FUNCIONADO
FUNCIONALISMO;FUNCIONARIO
FUNDA;FUNDO
FUNDADA;FUNDADO
FUNDAMENTAL;ESSENCIAL
FUNDIR;FUSÃO
FUNDO;PROFUNDO
FUNDURA;PROFUNDO
FUNESTO;MAU
FURIOSO;RAIVA
FURTAR;ROUBAR
FURTO;ROUBAR
FUXICO;FOFOCAR
FUXICO;FUXICAR
FUXIQUEIRO;FOFOCAR
FÊMEA;MULHER
FÓSSEIS;FÓSSIL
FÚTIL;BANAL
FÚTIL;FUTILIDADE
GABINETE;SECRETARIA
GAME;JOGO
GANGUE;QUADRILHA
GARCONETE;GARÇOM_MULHER
GELADA;GELADO
GENTE;PESSOA
GERADA;GERAR
GERADO;GERAR
GERAR;CRIAR
GERENCIA;GERENCIAR
GESTAÇÃO;GESTAR
GIGOLÉ;DIADEMA
GIZ;FERRAMENTA
GOIABADA;DOCE_GOIABA
GOSTOSA;GOSTOSO
GOZADO;GOZAR
GOZAR;ORGASMO
GOZO;ORGASMO
GRADUANDO;GRADUAR
GRADUAR;MEDIR
GRANDES;GRANDE
GRANDEZA;GRANDE
GRATIFICAÇÃO;GRATIFICAÇÃO
GRATIFICAÇÃO;PROPINA
GRATUIDADE;GRATIS
GRATUITAMENTE;GRATIS
GRATUITO;GRATIS
GRAVURA;DESENHAR
GUERRA;BÉLICO
HARMONIA;PAZ
HAVENDO;HAVER
HEPÁTICO;FIGADO
HERDANDO;HERDAR
HERDEIRA;HERDEIRO
HIDROCOR;CANETA_COLORIDO
HIGIENIZADA;HIGIENIZAR
HIGIENIZADO;HIGIENIZAR
HIGIENIZANDO;HIGIENIZAR
HISTÓRICA;HISTÓRICO
HOMICÍDIO;MATAR
HOMOLOGANDO;HOMOLOGAR
HOMOSSEXUAL;HOMOAFETIVO
HORRENDO;HORRÍVEL
HORROR;HORRÍVEL
HORROROSA;HORROROSO
HORROROSO;HORRÍVEL
HOSPEDADA;HOSPEDADA
HOSPEDAR;HOSPEDAGEM
HOSPITALAR;HOSPITAL
HOSTIL;INIMIGO
HOSTILIDADE;INIMIGO
HOUVER;HAVER
HUMANIZANDO;HUMANIZAR
HUMILHAR;AVILTAR
HUMILHAÇÃO;AVILTAMENTO
HUMILHAÇÃO;AVILTANTE
HUMILHAÇÃO;HUMILHANTE
HÁBITOS;HÁBITO
IBÉRICA;IBÉRICO
IDENIZADA;IDENIZADO
IGUAL;IGUALITÁRIO
ILETRADO;ANALFABETO
ILITERADO;ANALFABETO
ILUMINANDO;ILUMINAR
ILUSTRAÇÃO;DESENHAR
IMACULADO;IMACULAR
IMENSA;IMENSO
IMITAÇÃO;SIMULACRO
IMODESTO;ESNOBE
IMPACIENTE;IMPACIENTAR
IMPACTADA;IMPACTAR
IMPACTADO;IMPACTAR
IMPACTANDO;IMPACTAR
IMPETUOSO;IMPULSIVO
IMPLODIU;IMPLODIR
IMPOSTO;TARIFA
IMPREGNANDO;IMPREGNAR
IMPRESTÁVEL;MAU
IMPREVISTO;EVENTUAL
IMPREVISTO;FORTUITO
IMPROBIDADE;DIFICULDADE
INADEQUADO;INADEQUAR
INATIVA;INATIVO
INATIVIDADE;PARADO
INCLUÍDA;INCLUIR
INCLUÍDO;INCLUIR
INCLUÍNDO;INCLUIR
INCORPORADA;INCORPORAR
INCORPORADO;INCLUIR
INCORPORADO;INCORPORAR
INCORPORANDO;INCORPORAR
INCORPORAR;INCLUIR
INCUMBÊNCIA;INCUMBIR
INDAGANDO;INDAGAR
INDEFERIR;PROIBIR
INDENIZAR;INDENIZAÇÃO
INDETERMINADO;INDETEMINAR
INDEVIDA;INDEVIDO
INDICANDO;INDICAR
INDICO;INDICAR
INDISCRIMINADO;INDISCRIMINAR
INDISPENSÁVEL;ESSENCIAL
INDOLÊNCIA;PREGIÇOSO
INDÍGENAS;INDÍGENA
INERTE;PARADO
INFECTADA;INFECTAR
INFECTADO;INFECTAR
INFECTANDO;INFECTAR
INFERIR;SUPOR
INFLACIONARIA;INFLACIONAR
INICIADA;INICIAR
INICIADO;INICIAR
INICIADOR;PESSOA_APARECER
INICIANDO;INICIAR
INICIO;INICIAR
INIMIZADE;INIMIGO
INOVADORA;INOVADOR
INQUIRIR;VERIFICAR
INQUISIÇÃO;VERIFICAR
INSERIDA;INSERIR
INSERIDO;INSERIR
INSERINDO;INSERIR
INSERÇÃO;INCLUSAO
INSONE;INSONIA
INSPIRADA;INSPIRAR
INSPIRADO;INSPIRAR
INSPIRANDO;INSPIRAR
INSTALADA;INSTALADO
INSTIGAR;MOTIVAR
INSUFICIENTE;POUCO
INTERCONECTAM;INTERCONECTAR
INTERCONECTANDO;INTERCONECTAR
INTERDITAR;PROIBIR
INTERIORIZANDO;INTERIORIZAR
INTERNA;INTERNO
INTRIGA;INTRIGAR
INTRODUÇÃO;COMECAR
INTRÉPIDO;CORAJOSO
INVASORA;INVASOR
INVERDADE;MENTIRA
INÉRCIA;PARADO
IRA;IRAR
IRA;RAIVA
IRADO;RAIVA
IRREALIZÁVEL;IRREALIZAR
IRRITAÇÃO;IRRITAR
JABUTICABA;JABOTICABA
JAZIGO;TÚMULO
JEEP;DIRIGIR
JERIMUM;ABÓBORA
JOGANADO;JOGAR
JOGARMOS;JOGAR
JUDOCA;JUDO
JUNTANDO;JUNTAR
JUNTAR;AGLUTINAR
JUNTAR;UNIR
JUNTE;JUNTAR
JUSTIFICAR;ALEGAR
JUSTIFICAR;EXPLICAR
LABUTA;LABUTAR
LAGES;LAGE
LANÇANDO;LANÇAR
LAPTOP;NOTEBOOK
LASCAS;LARGAR
LASTIMA;LASTIMAR
LATINA;LATINA
LATÃO;LATA
LAVATÓRIO;PIA
LAVOURA;AGRICULTURA
LAVRADORA;MULHER_ENXADA
LAÇADOR;HOMEM_LAÇAR
LEITÃO;PORCO
LEVEZA;LEVE
LIBERAR;DESVINCULAR
LIDE;CONFRONTO
LIDE;LITÍGIO
LIGEIRO;RÁPIDA
LINGUÍSTA;PESQUISAR_LINGUÍSTICA
LINHAGEM;FAMÍLIA
LOCAIS;LOCAL
LOCALIDADE;LOCAL
LOCALIDADES;LOCAL
LOCALIZADA;LOCALIZAR
LOCALIZADO;LOCALIZAR
LOCALIZANDO;LOCALIZAR
LONGÍNQUA;LONGE
LOROTA;MENTIRA
LOROTEIRO;MENTIRA
LOUVADO;LOUVAR
LUGAREJO;LOCAL
LUGAREJOS;LOCAL
LUGARES;LOCAL
LULA;POLVO
LUTA;BRIGA
LUTA;BRIGA_FÍSICA
MACONHA;CANNABIS_SATIVA
MAGRELO;MAGRO
MAGREZA;MAGRO
MAGRICELA;MAGRO
MALEVOLENTE;MAU
MALIGNO;MAU
MALOCA;FAVELA
MALOQUEIRO;FAVELA
MALQUERÊNCA;INIMIGO
MALQUISTADO;INIMIGO
MALQUISTO;INIMIGO
MALUCA;LOUCO
MALÉVOLO;MAU
MALÍSSIMO;RUIM
MANDADO;MANDAR
MANDO;MANDAR
MANHOSO;MANHA
MANICÔMIO_JUDICIÁRIO;HOSPITAL_CUSTÓDIA
MANIPULADA;MANIPULAR
MANIPULADO;MANIPULAR
MANIPULANDO;MANIPULAR
MANTENDO;MANTER
MANTIDA;MANTER
MANTIDO;MANTER
MANTIMENTO;COMER
MAPEADA;MAPEADO
MAQUIAGEM;COSMÉTICO
MAQUIAR;COSMÉTICO
MAQUILAGEM;COSMÉTICO
MAQUILAR;COSMÉTICO
MAQUINÁRIO;MÁQUINA
MARCA;LOGOMARCA
MARCA;LOGOTIPO
MARCADA;MARCAR
MARCADO;MARCAR
MARCANDO;MARCAR
MARUJO;MARINHEIRO
MASSAGEAR;MASSAGEM
MASSAGISTA;MASSAGEM
MASTURBAÇÃO;MASTURBAR
MATANDO;MATAR
MATERIAL;INSUMO
MATERNA;MATERNO
MATERNIDADE;HOSPITAL
MATREIRO;MANHA
MATRIMÔNIO;CASAMENTO
MATUTO;HOMEM_ENXADA
MATÉRIA;DISCIPLINA
MAU;CRUEL
MECANIZADA;MECANIZADO
MEDIA;MEDIAR
MEDIANDO;MEDIAR
MEDICA;MEDICAR
MEDICINAL;MEDICINA
MEDIDA;MEDIR
MEDITAÇÃO;MEDITAR
MEDONHO;HORRÍVEL
MEGAFONO;MEGAFONE
MENDICANTE;MENDIGO
MENDIGO;MENDICÂNCIA
MENDIGO;MENDIGAR
MENINA;MULHER
MENOR;PEQUENO
MENORREIA;MENSTRUAR
MENSTRUAÇÃO;MENSTRUAR
MENSURAR;MEDIR
MENTALIDADE;MENTE
MENTIR;MENTIRA
MENTIROSO;MENTIRA
MERGULHADOR;MERGULHAR
MERGULHO;MERGULHAR
MESMA;MESMA
META;OBJETIVO
MEXERICO;FOFOCAR
MIGALHAR;MIGALHA
MINIATURA;PEQUENO
MINISTRAR;ENSINADO
MINISTRAR;MINISTRADO
MINUCIOSO;MINUCIOSAMENTE
MIRA;ALVO
MOEDA;DINHEIRO
MOEDA;NUMERÁRIO
MOEDA;RECURSOS_PECUNIÁRIOS
MOLEZA;PREGIÇOSO
MOLHADO;MOLHAR
MONTES;MONTE
MORANDO;MORAR
MORANGA;ABÓBORA
MORDEDURA;MORDER
MORDENDO;MORDER
MORDIDA;MORDER
MORTA;MORTO
MORTE;FALECIMENTO
MORTE;ÓBITO
MORTO;DE_CUJUS
MORTO;FALECIDO
MOTIVOS;MOTIVO
MOVIDA;MOVIDO
MOVIMENTANDO;MOVIMENTAR
MOÇA;MULHER
MUÇULMANA;MUÇULMANO
MÉTODO;METODOLOGIA
MÉTODO;PROCEDIMENTO
MÚMIA;CADAVER
NEFASTA;NEFASTO
NEFASTO;MAU
NEGAR;INDEFERIR
NEGAR;RECUSAR
NEGATIVA;NÃO
NEGAÇÃO;NÃO
NEGOCIAÇÃO;TRATATIVA
NEGRA;NEGRO
NEGÓCIO;COMÉRCIO
NESTA;NESTE
NORMA;MARCO_REGULATÓRIO
NORMA;REGULAMENTO
NORTUNA;NORTUNO
NOTICIADA;NOTICIADO
NOTICIÁRIO;TELEJORNAL
NOVATA;NOVATO
NUA;NÚ
NULA;NULO
NUMA;NUM
NUMERÁRIO;RECURSO_PECUNIÁRIO
NÚMERO;NUMÉRICO
NÚPCIAS;CASAMENTO
OBESIDADE;OBESO
OBRIGATÓRIO;COMPULSÓRIO
OBSCURO;OBSCURECER
OBTIDA;OBTER
OBTIDO;OBTER
OCIOSIDADE;PREGIÇOSO
OCO;VAZIO
OCORRENDO;OCORRER
OCORRIDO;OCORRER
OCUPANDO;OCUPAR
OCUPARAM;OCUPAR
OLIMPÍADA;OLÍMPICO
OLÍMPICA;OLIMPÍADAS
OLÍMPICO;OLIMPÍADAS
OMISSA;OMISSA
ONANISMO;MASTURBAR
ONEROSO;DISPENDIOSO
ONLINE;INTERNET
OPONENTE;COMPETIR
ORDENADA;ORDENAR
ORDENADO;SALÁRIO
ORDENAR;MANDAR
ORGANIZADA;ORGANIZAR
ORGANIZANDO;ORGANIZAR
ORGÂNICA;ORGÂNICO
ORIENTADA;ORIENTAR
ORIENTANDO;ORIENTAR
ORIGINADA;ORIGINADO
PACATO;MANSO
PACIENTE;PACIÊNCIA
PADRONIZADA;PADRONIZADO
PADRONIZAÇÃO;IGUALDADE
PAGAR;PAGAMENTO
PAIS_BIOLÓGICOS;GENITOR
PAIS_BIOLÓGICOS;PAIS_NATURAIS
PANORÂMICA;PANORÂMICO
PANTOMIMA;MÍMICA
PAPA;MINGAU
PAPAR;COMER
PARADA;PARADO
PARAPLÉGICO;PARALÍTICO
PARENTESCO;FAMÍLIA
PARIDADE;IGUALDADE
PARLAMENTAR;POLÍTICO
PARÊNTESE;PARÊNTESES
PARÊNTESIS;PARÊNTESES
PASSA;PASSAR
PASSADO;PREGRESSA
PASSADO;PREGRESSO
PASSANDO;PASSAR
PASSAREM;PASSAR
PASSIVO;DEPESA
PASSIVO;GASTO
PATENTEANDO;PATENTEAR
PATINAGEM;PATINAR
PATINAÇÃO;PATINAR
PAULISTANA;PAULISTANO
PAVIMENTO;PISO
PAÍS;ESTADO
PAÍS;NAÇÃO
PEDAGÓGICA;PEDAGÓGICO
PEDICURE;PEDICURO
PEDIDO;PEDIR
PEDINDO;PEDIR
PEDINTE;MENDIGO
PEDIR;SOLICITAR
PEDIR;SOLICITAÇÃO
PEGA;PEGAR
PEGANDO;PEGAR
PEGAREM;PEGAR
PEGARMOS;PEGAR
PEGO;PEGAR
PELAGEM;PELO
PENEIRANDO;PENEIRAR
PENEIRAR;PENEIRA
PENITENTE;PENITÊNCIA
PENSAR;COGITAR
PEQUENA;PEQUENO
PER;POR
PERDOAR;PERDÃO
PERDOAR;REMISSÃO
PERDÃO;ANISTIA
PERDÃO;ANISTIAR
PERNAMBUCANA;PERNAMBUCANO
PERNICIOSO;MAU
PERPASSA;PERPASSAR
PERSONALIZADA;PERSONALIZADO
PERTENCER-ME;PRÓPRIO
PERTENCER-NOS;PRÓPRIO
PERTINAZ;TEIMOSO
PERVERSÃO;RUIM
PERVERTER;RUIM
PERVERTIDO;RUIM
PESANDO;PESAR
PESCA;PESCAR
PESCARIA;PESCAR
PESSOAL;PARTICULAR
PEÇO;PEDIR
PICADEIRO;PALCO
PICANTE;PIMENTA
PIRADO;LOUCO
PISTA;ROTA
PITON;COBRA
PLANADOR;AVIÃO
POLARIZADORES;POLARIZADOR
POLUÍ;POLUIR
POLÍTICA;POLÍTICO
POLÍTICO;POLÍTICO
POMBAL;POMBO
PORVENTURA;TALVEZ
POSSIBILIDADES;POSSIBILIDADE
POSSIBILITADA;POSSIBILITADO
POUCA;POUCO
POUPANÇA;PECÚLIO
POUPAR;ECONOMIZAR
POVARÉU;MULTIDÃO
PRECEDENTE;PRECEDER
PREFERIR;PRETERIMENTO
PREGUIÇA;PREGIÇOSO
PREGUIÇOSO;PREGIÇOSO
PREITO;APLAUSO
PREJUDICAR;SABOTAGEM
PREJUDICAR;SABOTAR
PREJUDICIAL;MAU
PRENDENDO;PRENDER
PREOCUPANTE;PREOCUPAR
PRESAS;DENTE
PRESUNÇÃO;ARROGANTE
PRETENSIOSO;ARROGANTE
PRETERIR;DESPREZAR
PRETERIR;PRETERIDO
PREVINE;PREVINIR
PRIMAS;PRIMA
PRIMOROSA;PRIMOROSO
PRINCIPIAR;COMECAR
PRINCÍPIO;COMECAR
PRISÃO;CUSTÓDIA
PRISÃO;DETENÇÃO
PRISÃO;ESTABELECIMENTO_PENAL
PRIVADA;PARTICULAR
PRIVADO;PARTICULAR
PRIVAR;PODER-NÃO
PRIVATIVO;PARTICULAR
PRIVAÇÃO;NÃO-PODER
PROCEDÊNCIA;VIR
PROCESSO;PROCESSAR
PROCURAR;RASTREAMENTO
PROCURAR;RASTREAR
PRODUTIVA;PRODUTIVO
PRODUZIDA;PRODUZIR
PRODUZINDO;PRODUZIR
PROFESSORA;MULHER_PROFESSOR
PROFUNDA;PROFUNDO
PROFUNDAMENTE;PROFUNDO
PROFUNDEZA;PROFUNDO
PROFUNDIDADE;PROFUNDO
PROIBIDO;PROIBIR
PROIBIR;PROIBIÇÃO
PROIBIR;VEDAR
PROIBIR;VEDAÇÃO
PROIBITIVO;PROIBIR
PROIBITÓRIO;PROIBIR
PROIBIÇÃO;PROIBIR
PROMESSA;PROMETER
PROMOVENDO;PROMOVER
PROMOVIDO;PROMOVER
PRONUNCIAR;FALAR
PROPAGO;PROPAGAR
PROPONDO;PROPOR
PROPRIEDADE;PRÓPRIO
PROSCREVER;PROIBIR
PROTEÇÃO;SOB_GUARDA
PROVA;AVALIAÇÃO
PROVIDENCIANDO;PROVIDENCIAR
PROVIR;VIR
PROXIMIDADE;IMEDIAÇÕES
PRÉ;ANTES
PRÍNCIPE;PRINCESA
PRÓXIMO;PRÓXIMA
PSICÓTICA;PSICÓTICO
PUDOR;VERGONHA
PULVERIZAR;PULVERIZAÇÃO
PUNINDO;PUNIR
PUNIÇÃO;SANÇÃO
PÔSTER;CARTAZ
QUADRINHOS;LIVRO_PIADA
QUITADO;QUITAÇÃO
QUÂNTICA;QUÂNTICO
RADIOPATRULHA;PATRULHA
RAIVOSO;RAIVA
RAMALHETE;BUQUE
RANGO;COMER
RAPARIGA;MULHER
RAPIDEZ;CELERIDADE
RARA;RARO
RATIFICAR;RATIFICADO
REATIVA;REATIVO
RECEITA_EXTRAORÇAMENTÁRIA;RECURSO_EXTRAORÇAMENTÁRIO
RECERTIFICADA;RECERTIFICADO
RECESSIVA;RECESSIVO
RECHEAR;ENCHER
RECONTEXTUALIZANDO;RECONTEXTUALIZAR
RECORTADA;RECORTADO
RECURSO;RECURSAL
RECUSA;QUERER-NÃO
REDUZIR;ABREVIAR
REDUZIR;ENCURTAR
REFRESCO;SUCO
REGOVAR;REVOGADO
REGOZIJO;APLAUSO
REMESSA_DINHEIRO;REMESSA_DIVISAS
REMOVIDA;REMOVER
REMOÇÃO;REMOVER
REMUNERAÇÃO;SALÁRIO
RENOVADA;RENOVADO
REPARO;CONSERTAR
REPASTO;COMER
REPELIR;EXPULSAR
REPETIR;REINCIDENTE
REPETIR;REINCIDIR
REPETIR;REINCIDÊNCIA
REPETIR;REITERAR
REPETIÇÃO;REPRISE
REPORTAGEM;COBERTURA_JORNALÍSTICA
REPROVADO;REPROVAÇÃO
REQUISITAR;PEDIR
RESCINDIDA;RESCINDIR
RESCINDIDO;RESCINDIR
RESOLUTO;CORAJOSO
RESSUCITADA;RESSUCITADO
RETARDA;RETARDO
RETIDA;RETIDO
RETIDO;RETER
RETIFICAR;CORRIGIR
RETIRANDO;RETIRAR
RETOMADA;RETOMADO
REVISTO;REVISAR
REVISÃO;REVISAR
REVOLTA;MOTIM
RIVALIZAR;COMPETIR
RIXA;COMPETIR
ROGAR;PEDIR
ROTAS;ROTA
ROUBADO;ROUBAR
ROUBALHEIRA;ROUBAR
ROUBANDO;ROUBAR
ROUBO;ROUBAR
RUIM;NEGATIVO
RUINAS;DESABAR
RUIR;DESABAR
RURAL;RURÍCOLA
RUÇO;CABELO_BRANCO
SACIADO;SACIAR
SACIEDADE;SACIAR
SALINA;SAL
SALÁRIO;HONORÁRIO
SALÁRIO;ORDENADO
SALÁRIO;PAGAMENTO
SANTIDADE;SANTO
SAPONÁCEO;SABÃO
SAÚDE;SANIDADE
SAÚDE;SAUDÁVEL
SECRETO;SEGREDO
SEDE;LOCAL
SEGREGA;SEGREGAR
SEGREGADA;SEGREGADO
SEGREGADOS;SEGREGADO
SEGREGAM;SEGREGAR
SEGREGANDO;SEGREGAR
SEGUIDOR;DISCÍPULO
SEGUINTE;PRÓXIMA
SELEÇÃO;SELETIVO
SEMINARISTA;SEMINÁRIO
SEMÁFORO;SINALEIRA
SENIL;VELHO
SENTIDA;SENTIDO
SENTIMENTO;SENTIMENTAL
SERPENTE;COBRA
SERTANEJO;HOMEM_ENXADA
SIGNIFICATIVA;SIGNIFICATIVO
SIMULANDO;SIMULAR
SIMULTÂNEO;CONCOMITANTE
SINALEIRO;SEMÁFORO
SINDICÂNCIA;PESQUISAR
SISO;DENTE
SITIANTE;FAZENDEIRO
SITUAÇÃO;CONJUNTURA
SOBERBA;ESNOBE
SOBERBO;ESNOBE
SOBREPUJAR;SUPERAR
SOBREVIR;ACONTECER_ANTES
SOCIÉTICA;SOVIÉTICO
SOLICITA;SOLICITAR
SOLICITADO;PEDIR
SOLICITAREM;SOLICITAR
SOLICITO;SOLICITAR
SONHAR;IMAGINA
SORRATEIRO;MANHA
SORTEAR;SORTEIO
SORVER;ABSORVER
SUBSEQUENTE;PRÓXIMA
SUBSIDIAM;SUBSIDIAR
SUBSIDIO;SUBSIDIAR
SUBSISTIR;EXISTIR
SUBSTITUINDO;SUBSTITUIR
SUBSTITUIR;SUBISTITUÍDO
SUBSTITUTO;SUBSTITUIR
SUBTERFÚGIO;FUGIR
SUCEDER;ACONTECER_DEPOIS
SUCURI;COBRA
SUECO;SUÉCIA
SUFOCANTE;SUFOCAR
SUICÍDIO;SUICIDAR
SUIÇO;SUIÇA
SUMO;SUCO
SUPERADA;SUPERADO
SUPLANTAR;SUPERAR
SUPOSIÇÃO;SUPOR
SUPRIMIR;REMOVER
SURPREENDER;SURPRESA
SURRA;ESPANCAR
SURVEY;PESQUISAR
SUSCITAR;CRIAR
SUSSEÇÃO;SUCEDER
SUÍNO;PORCO
TABELIÃO;NOTÁRIO
TABLADO;PALCO
TEIMA;TEIMOSO
TEIMOSA;TEIMOSO
TEIMOSIA;TEIMOSO
TELAS;TELA
TEMEROSO;MEDO
TEMOR;MEDO
TEMPESTUOSO;RAIVA
TEMPORAL;TEMPESTADE
TEMPORÁRIO;PROVISÓRIO
TERAPEUTA;MEDICINA
TERMINANDO;ACABAR
TERRÍVEL;HORRÍVEL
TIMIDEZ;VERGONHA
TITULADA;TITULADO
TOLERANTE;PACIÊNCIA
TOLERÂNCIA;PACIÊNCIA
TONEIRA;PIA
TORCEDORES;TORCIDA
TORMENTA;TEMPESTADE
TORMENTOSO;RAIVA
TOSSIR;TOSSE
TRABALHADOR;MÃO_OBRA
TRABALHADOR;OPERÁRIO
TRABALHADOR;PESSOA_TRABALHAR
TRACAR;DESENHAR
TRANCAMENTO_PAUTA;SOBRETAMENTO_PAUTA
TRANQUILIDADE;TRAQUILO
TRANSFERIDO;TRANSFERIR
TRANSFERIMENTO;TRANSFERIR
TRANSMITI;TRANSMITIR
TRANSMITIDA;TRANSMITIDO
TRANSMITINDO;TRANSMITIR
TRANSMITO;TRANSMITIR
TRANSPOR;PASSAR
TRANSTORNO;PROBLEMA
TREINADORA;MULHER_TREINAR
TRIANGULAR;TRIÂNGULO
TRIBUNA;PÚLPITO
TROCA;PERMUTA
TÉCNICAS;TÉCNICO
ULTERIOR;PRÓXIMA
ULTRASSOM;ULTRASSONOGRAFIA
UMEDECIDA;UMEDECIDO
UNIFORMIDADE;IGUALDADE
UNIFORMIZADA;UNIFORMIZADO
UNIFORMIZANDO;UNIFORMIZAR
UNINDO;UNIR
UTENSÍLIO;INSTRUMENTO
UTILIZANDO;UTILIZAR
UTILIZARMOS;UTILIZAR
UTOPIA;TEORIA
UTOPIA;TRAQUILO
VALENTIA;CORAJOSO
VALIDAR;AUTENTICAR
VALIDAR;RATIFICAR
VALOR;COTAÇÃO
VALOR;COTAÇÃO_MONETÁRIA
VALORIZADA;VALORIZADO
VAREJEIRA;MOSCA
VARIADA;VARIADO
VARIAS;VÁRIOS
VELHA;VELHO
VENCEDOR;CAMPEÃO
VENCIMENTOS;SALÁRIO
VENDA;VENAL
VENDENDO;VENDER
VENDIDA;VENDIDO
VENDO;VENDER
VENHA;VIR
VERIFICANDO;VERIFICAR
VETO;PROIBIR
VEÍCULO;DIRIGIR
VIAGEM;VIAJAR
VICIONÁRIA;VISIONÁRIO
VIM;VIR
VINCULANDO;VINCULO
VINCULO;VINCULO
VINDA;VIR
VINDO;VIR
VIRTUALIZADA;VIRTUALIZADO
VISAR;VISANDO
VIVIDA;VIVIDO
VOE;VOAR
VOLTADA;VOLTADO
VOLUMOSO;GRANDE
VOLUNTÁRIA;VOLUNTÁRIO
VOTAÇÃO;SUFRÁGIO
VÁCUO;VAZIO
VÁRIO;VÁRIOS
VÃO;VAZIO
WEB;WWW
ZAGAIA;LANCA
ZANGA;RAIVA
ZERO;0
ÁGIL;AGILIDADE
ÁRBITRO;ABITRAR
ÍNDIO;SILVÍCOLA
ÍNFIMO;IRRISÓRIO
ÚMIDA;ÚMIDO
ABANDONAR;DESERTAR
ABANDONAR;DESERÇÃO
ABESTADO;BOBO
ABESTALHADO;BOBO
ABRANDADO;ABRANDAR
ABRANDAMENTO;BRANDO
ABRAÇO;ABRAÇAR
ABSOLVER;ABSOLVIDO
ABUSAR;ABUSIVO
ACAMPADA;ACAMPAMENTO
ACEITAR;RECEPTIVIDADE
ACEITAÇÃO;ACEITA
ACHINCALHAR;RIDÍCULA
ACINTE;PROVOCAÇÃO
ACORDO;COALIZÃO
ACORDO;COLIGAÇÃO
ACUSAÇÃO;LIBELO_ACUSATÓRIO
ADEQUADO;CABÍVEL
ADIAR;PROCASTINAR
ADIAR;PRORROGAR
ADMINISTRAÇÃO;ADMINISTRATIVA
ADMINISTRAÇÃO;ADMINISTRATIVO
ADVERTIR;ADVERTÊNCIA
AFASTAR;AFASTAMENTO
AFOGAMENTO;AFOGAR
AGENTE_TRÂNSITO;GUARDA_TRÂNSITO
AGROTÓXICO;DEFENSIVO_AGRÍCOLA
ALGAZARRA;CONFUSÃO
ALICERCE;BASE
ALONGAMENTO;ALONGADO
ALUGUEL;LOCAÇÃO
AMPLEXO;ABRAÇAR
ANALFABETO;ANALFABETISMO
ANDAMENTO;TRAMITAÇÃO
APARENTE;APARENTEMENTE
APARENTE;PUTATIVO
APENSADO;APENSAÇÃO
APENSAÇÃO;APENSADO
APERREADO;PREOCUPADO
APLICÁVEL;APLICAR
APONTAR;APONTADO
APOSTA;APOSTAR
APREGOADO;ANUNCIADO
APROVAR;OUTORGAR
APURAR;APURAÇÃO
ARRASTAR_PÉ;DANÇAR
ARREBANHAMENTO;AJUNTAR
ARREBANHAR;AJUNTAR
ARRENGAR;BRIGAR
ARROMBAR;ARROMBAMENTO
ASSASSINO;HOMICIDA
ASSASSINO;HOMICIDA
ASSINAR;FIRMADO
ASSINAR;FIRMAR
ASSINATURA;SIGNATÁRIO
ASSUMIR;ARCAR
ASSUMIR;ASSUMIDO
ATENTO;ANTENADO
ATINGIR;INCIDIR
ATRASO;MORAR
ATRIBUIÇÃO;PRERROGATIVA
ATUALIZADO;ATUALIZAR
AUMENTO;MAJORAÇÃO
AUSÊNCIA;FALTA
AUTENTICADOR;AUTENTICAR
AUTOMOTOR;AUTOMOTIVO
AUTORIZAR;PERMITIR
AUTORIZAÇAO;PERMITIR
AUTÓPSIA;NECRÓPSIA
AVARIA;AVARIAR
AVARIAR;AVARIAR
AVOADO;DISTRAÍDO
BABACA;CHATO
BAIXA_ÉGUA;LONGE
BAIXO_CALÃO;PALAVRÃO
BALELA;MENTIRA
BALIZAR;SINALIZAR
BANDIDO;MÁFIA
BARULHO;RUÍDO
BATE_BOCA;DISCUSSÃO
BATER_BOCA;DISCUTIR
BATER_BOTA;MORRER
BATER_PERNA;PASSEAR
BATIDA;ABALROAMENTO
BEBUM;EMBRIAGADO
BEIÇO;LÁBIO
BELTRANO;OUTRO
BENEFICIAR;FAVORECER
BICHO_7_CABEÇA;COMPLICADO
BINGO;LOTO
BINGO;VÍSPORA
BOCOIÓ;BOBO
BOCÓ;BOBO
BOMBARDEIO;BOMBARDEAR
BORDOADA;PANCADA
BRANDA;BRANDO
BREGA;CAFONA
BREVIDADE;BREVE
BRIGAR;LITÍGIO
BRIGAR;VIA_FATO
BUZINAR;BUZINAR
BUZÚ;ÔNIBUS
CABREIRO;DESCONFIADO
CAFUNÉ;CARINHO
CALÚNIA;CALUNIAR
CAMUFLAR;CAMUFLADO
CANCELAR;CANCELADO
CANCELAR;RESCISÃO
CANCELAR;SUSTAR
CANGOTE;PESCOÇO
CANSATIVO;ESFANTE
CANTILENA;LADAINHA
CAPITANEAR;CONDUZIR
CAPRICHAR;CAPRICHADA
CAPRICHAR;CAPRICHADA
CAPRICHAR;CAPRICHADO
CAPRICHAR;CAPRICHADO
CARIDADE;BENEFICENTE
CARIDADE;FILANTRÓPICO
CARRO;AUTOMÓVEL
CARRO;VEÍCULO
CARTA;CORRESPONDÊNCIA
CARTÓRIO;SERVIÇO_NOTARIAL
CASAL;CONJUGAL
CASSADO;CASSAÇÃO
CAUTELA;CAUTELAR
CAÔ;MENTIRA
CDF;INTELIGENTE
CHANTAGEAR;CHANTAGEADO
CHANTAGEAR;EXTORQUIR
CHORÃO;CHORAR
CHORÃO;CHORAR
CIDADE;CIDADE
CINICAMENTE;CINISMO
CITAÇÃO;INTIMAÇÃO
CIÚME;CIUMENTO
CLAREZA;CLAREAR
CLAREZA;VISIBILIDADE
COADJUVAR;AJUDAR
COBERTURA_MÍDIA;REPORTAGEM
COBRANDO;COBRAR
COIBIR;COIBIDO
COLABORATIVO;COLABORATIVA
COLIGIDA;REUNIR
COMBUSTÍVIL;COMBUSTÍVEL
COMEMORAR;CELEBRAR
COMPATÍVEL;COMPATIBILIDADE
COMPETIÇÃO;MARATONA
COMPILAR;COMPILAÇÃO
COMPILAR;JUNTAR
COMPLETAMENTE;EXAUSTIVAMENTE
COMPORTAMENTAL;ATITUDINAL
COMPREENSIVO;COMPREENSÃO
CONCORDAR;AQUIESCER
CONCORDAR;AQUIESCÊNCIA
CONCORDAR;CONSENTIMENTO
CONCORDAR;CONSENTIR
CONCURSO_PÚBLICO;CERTAME_PÚBLICO
CONDENADO;SENTENCIADO
CONFIRMAR;REFERENDAR
CONFIÁVEL;CONFIABILIDADE
CONFLITANTE;INCOMPATÍVEL
CONFLUÊNCIA;CONVERGÊNCIA
CONGELAR;CONGELAMENTO
CONGRESSO_NACIONAL;PARLAMENTO_BRASILEIRO
CONSOLIDAÇÃO;CONSOLIDAR
CONSPIRAÇÃO;CONLUIO
CONSTITUIÇÃO;CARTA_MAGNA
CONTENDOR;ADVERSÁRIO
CONTEXTUTALIZADO;CONTEXTO
CONTRANGIMENTO;CONSTRANGEDOR
CONTROLAR;CONTROLADA
CONTROLAR;CONTROLADO
CONTUMAZ;INSISTENTE
CONVALIDAR;VALIDAR
CONVERSA;DIALOGADO
CONVERSA;DIÁLOGO
CONVIDADO;REQUISITADA
CONVIDADO;REQUISITADO
COOPERATIVA;COOPERATIVISMO
CORRELATO;CORRELATIVO
CORRELATO;RELACIONADO
CORRETO;LIBADO
CORRUPTO;VENAL
COTIDIANO;COTIDIANA
COTIDIANO;COTIDIANA
CREMAR;CREMAÇÃO
CRIME;DELITO
CRIME;INFRÁÇÃO
CRIME;TRANSGRESSÃO
CRIME_BAGATELA;CRIME_INSIGNIFICANTE
CRIME_BAGATELA;DELITO_INSIGNIFICANTE
CRIMINALIZAR;CRIMINALIZAÇÃO
CRUEL;DESUMANO
CULTURA;LAVOURA
CULTURA;PLANTAÇÃO
CURSO_DÁGUA;RIO
CUSTAR;CUSTA
CUSTAR;CUSTO
CUSTEAR;CUSTEIO
CUSTÓDIA;PROTEÇÃO
CÉLERE;RAPIDAMENTE
CÍNICO;CINISMO
DAR;FORNECER
DAR_ROLÉ;PASSEAR
DATILOGRAFIA;DATILOGRAFADO
DEFESA;DEFENDER
DEFINIÇÃO;DEFINIDA
DELEITAR;DELEITE
DENEGAR;RECUSAR
DERRUBAR;DERRUBADA
DESCARTE;DESCARTAR
DESCULPA;ESCUSAR
DESDOURO;NÓDOA
DESEMPENHO;ATUAÇÃO
DESEMPENHO;PERFOMANCE
DESERTO;ERMO
DESERTO;SEM_HABITANTE
DESESTIMULAR;DISSUADIR
DESESTIMULAR;DISSUASÓRIA
DESFECHO;FINAL
DESISTIR;ABRIR_MÃO
DESMONTE;DESMONTAR
DESORDEM;DESORGANIZADO
DESPREZO;DESPREZÍVEL
DESPREZÍVEL;DESPREZO
DESRESPEITAR;PROFANAR
DESRESPEITAR;PROFANAÇÃO
DESRESPEITAR;VILIPENDIAR
DESRESPEITAR;VILIPENDIO
DESTITUIÇÃO;DESTITUIR
DESVIO;DESVIAR
DETALHAMENTO;DETALHAR
DETERIORAÇÃO;DETERIORAR
DIAGNOSTICAR;DIAGNOSTICADO
DICA;SUGESTÃO
DIDÁTICO;ENSINAR
DIETA;REGIME
DIFICULDADE;CONTRATEMPO
DIFICULDADE;PERCALÇO
DIFICULDADE;PROBLEMA
DINHEIRO;PECÚNIA
DINHEIRO;RECEITA
DINÂMICA;DINAMICAMENTE
DIRECIONAR;NORTEAR
DISCURSO;PRONUNCIAMENTO_PARLAMENTAR
DIVULGAR;DIFUNDIR
DIVULGAR;DIFUSÃO
DIVULGAÇÃO;VEICULAÇÃO
DOCUMENTO_HABILITAÇÃO;CARTEIRA_HABILITAÇÃO
DOENTE;PACIENTE
DOMICÍLIO;DOMICILIADA
DOTAÇÃO_ORÇAMENTÁRIA;COBERTURA_ORÇAMENTÁRIA
DOTAÇÃO_ORÇAMENTÁRIA;VERBA_ORÇAMENTÁRIA
DURAR;DURÁVEL
DURAR;INDELÉVEL
ECONOMIA;ECONOMICIDADE
EDIFÍCIO;APARTAMENTO
EDIFÍCIO;PRÉDIO
EDUCADOR;EDUCADORA
EDUCADOR;EDUCADORA
EDUCANDO;ALUNO
ELEIÇÃO;ELEIÇÃO
EMANAR;ORIGEM
EMPREGO;EMPREGATÍCIO
EMPREITEIRA;EMPREITEIRO
EMPRÉSTIMO;OPERAÇÃO_CRÉDITO
ENCORAJAR;ENCORAJADO
ENCORAJAR;ENCORAJAMENTO
ENFRENTAR;ENFRENTADO
ENROLAR;TERGIVERSAR
ENROLAR;TERGIVERSAÇÃO
ENSINAR;MAGISTÉRIO
ENTABULAR;ESTABELECER
ENXOTADO;EXPULSAR
ENXOTAR;EXPULSAR
EQUIVOCADO;CONFUNDIR
ESBANJAR;DESPERDIÇAR
ESCOLTAR;ESCOLTA
ESCORRAÇADO;EXPULSAR
ESCORRAÇAR;EXPULSAR
ESCORREITA;CORRETA
ESCRUPULOSAMENTE;ESCRUPULO
ESPECIALISTA;PERITO
ESPORTE;DESPORTE
ESPORTE;DESPORTIVO
ESPÍRITO;ALMA
ESTABELECER;ESTIPULAR
ESTAPEIA;ESTAPEAR
ESTRATÉGIA;ESTRATÉGICO
ESTUDANTIL;ESTUDANTIS
ESTUDO;ESTUDO
ETERNO;VITALICIEDADE
ETERNO;VITALÍCIO
EXCESSO;SOBRECARGA
EXCEÇÃO;EXCEPCIONALIDADE
EXECUTOR;PERPETRADOR
EXECUTOR;PERPETRADOR
EXPLICITO;CLARO
EXTINGUIR;EXTINÇÃO
EXTRAIR;EXTRAÇÃO
EXTRAVIAR;EXTRAVIADO
FACULTATIVO;OPCIONAL
FALCATRUA;FRAUDE
FALSIDADE;PERFÍDIA
FALSO;APÓCRIFO
FALSO;ESPÚRIO
FARDA;UNIFORME
FATURA;CONTA
FAZER;PRODUZIR
FECHADO;LACRADO
FECHAR;FECHAMENTO
FEMININO;FEMININA
FINANCIAR;FINANCEIRO
FISCALIZAR;FISCALIZADOR
FISCALIZAR;FISCALIZADORA
FISCALIZAR;FISCALIZAÇÃO
FOBIA;AVERSÃO
FOMENTAR;REALIMENTAR
FORMADO;DIPLOMADO
FORMATURA;COLAÇÃO_GRAU
FRACO;VULNERABILIDADE
FRACO;VULNERÁVEL
FRAUDE;FRAUDADOR
FRAUDE;FRAUDULENTO
FUNDIR;FUSÃO
FUSÃO;FUNDIR
FÚTIL;BANAL
FÚTIL;FUTILIDADE
GOZAÇÃO;ZOMBAR
GRATIFICAÇÃO;GRATIFICAÇÃO
GRATIFICAÇÃO;PROPINA
GRUPO;SEGMENTO
GUERRA;BÉLICO
HOMOSSEXUAL;HOMOAFETIVO
HOSPEDAGEM;HOTEL
HOSPEDAR;HOSPEDAGEM
HOSTILIZADA;HOSTILIDADE
HUMILHAR;AVILTAR
HUMILHAÇÃO;AVILTAMENTO
HUMILHAÇÃO;AVILTANTE
HUMILHAÇÃO;HUMILHANTE
IGUAL;IGUALITÁRIO
IMBECIL;TOLO
IMBROGLIO;CONFUSÃO
IMITAÇÃO;SIMULACRO
IMPOSITIVO;OBRIGATÓRIO
IMPOSTO;TARIFA
IMPREVISTO;EVENTUAL
IMPREVISTO;FORTUITO
IMPROBIDADE;DIFICULDADE
IMPULSIONAR;ALAVANCAGEM
IMPULSIONAR;ALAVANCAR
IMPULSIONAR;INCREMENTAR
INADEQUADO;INADEQUADA
INADEQUADO;INAPROPRIADA
INADEQUADO;INAPROPRIADO
INALADO;INALAR
INCLUIR;INCLUINDO
INDEFERIR;RECUSAR
INDENIZAR;INDENIZAÇÃO
INDICIAR;INCRIMINAR
INDICIAR;INDICIADO
INDICIAR;INDICIAMENTO
INDIGENTE;POBRE
INDIGÊNCIA;POBRE
INESCRUPULOSA;INESCRUPULOSO
INESCRUPULOSAMENTE;DESONESTO
INESCRUPULOSO;DESONESTO
INFORMANTE;ANUNCIAR
INFORME;INFORMAR
INFRATOR;INFRATOR
INQUESTIONÁVEL;CERTEZA
INQUIETUDE;INQUIETAR
INSPEÇÃO;INSPECIONAR
INSPEÇÃO;INSPEÇÃO
INSTABILIZAR;INSTABILIDADE
INSTITUIR;INSTITUÍDA
INSTITUIR;INSTITUÍDO
INTERCEPTAR;INTERCEPTAÇÃO
INTERINIDADE;INTERINO
INÚMERO;MUITO
IRROGADA;IMPUTAR
ISONOMIA;IGUALDADE
JOGANDO_CONVERSA_FORA;CONVERSA_FIADA
JUNTAR;AGLUTINAR
JUNTAR;UNIR
JUSTIFICAR;ALEGAR
JUSTIFICAR;ARGUMENTAR
LACTANTE;AMAMENTAÇÃO
LACUNA;VAZIO
LASTIMÁVEL;PENA
LENGALENGA;LADAINHA
LERO_LERO;CONVERSA_FIADA
LEX_LEGUM;CONSTITUIÇÃO
LIBERAR;DESVINCULAR
LIDE;CONFRONTO
LIDE;LITÍGIO
LISTA;ORDEM_INSCRIÇÃO
LOCUPLETAMENTO;ENRIQUECIMENTO
LOCUS;LUGAR
LUTADOR;BRIGA_FÍSICA
LUTADOR;BRIGAR
LÁSTIMA;PENA
LÉPIDO;CONTENTE
LÍDER_PARTIDO;REPRESENTANTE_PARTIDO
MACONHA;CANNABIS_SATIVA
MAGISTRADO;JUIZ
MANDAMU;MANDADO_SEGURANÇA
MANHÃ;MATUTINA
MANHÃ;MATUTINO
MANICÔMIO_JUDICIÁRIO;HOSPITAL_CUSTÓDIA
MARCA;LOGOMARCA
MARCA;LOGOTIPO
MATERIAL;INSUMO
MATRICULADO;MATRICULAR
MAU;CRUEL
MENDIGO;MENDICÂNCIA
MENDIGO;MENDIGAR
MENOSPREZAR;DESQUALIFICAR
META;OBJETIVO
MINERVA_SUFFRAGIUM;VOTO_MINERVA
MINISTRAR;ENSINADO
MINISTRAR;MINISTRADO
MINISTRO;MINISTRO_ESTADO
MISTURAR;MISTURADOR
MITIGAR;ATENUAR
MODELO_FORMULÁRIO;PADRÃO_FORMULÁRIO
MODELO_PROPOSTA;PADRÃO_PROPOSTA
MOEDA;DINHEIRO
MOEDA;NUMERÁRIO
MOEDA;RECURSO_PECUNIÁRIO
MORTE;FALECIMENTO
MORTE;ÓBITO
MORTE;ÓBITO
MORTO;CUJU
MORTO;FALECIDO
MUITA;MUITO
MUITA;VÁRIA
MUITA;VÁRIO
MÉDICO;MÉDICA
MÉTODO;METODOLOGIA
MÉTODO;PROCEDIMENTO
NANICO;PEQUENININHO
NAU;NAVIO
NEGAR;INDEFERIR
NEGAR;RECUSAR
NEGOCIAÇÃO;TRATATIVA
NOCIVA;NOCIVO
NORMA;ATO_NORMATIVO
NORMA;MARCO_REGULATÓRIO
NORMA;REGULAMENTO
NOVAMENTE;REINCIDIR
NOVAMENTE;REINCIDÊNCIA
NUMERAÇÃO;NUMERAR
NUMERÁRIO;RECURSO_PECUNIÁRIO
NÚMERO;NUMÉRICO
OBRIGATÓRIO;COMPULSÓRIO
OBSTÁCULO;ÓBICE
OCULTAÇÃO;OCULTAR
OLIMPÍADA;OLÍMPICO
ONEROSO;DISPENDIOSO
ONLINE;INTERNET
ORATÓRIA;PALESTRA
ORGANIZATIVA;ORGANIZAÇÃO
OUVIR;OITIVA
PADRONIZAR;PADRONIZADO
PAGAMENTO;QUITAÇÃO
PAGAR;PAGAMENTO
PAI_BIOLÓGICO;GENITOR
PAI_BIOLÓGICO;PAI_NATURAL
PARTICIPANTE;PARTICIPANTE
PASSADO;PREGRESSA
PASSADO;PREGRESSO
PASSEAR;PASSEANDO
PASSEIO_PUBLICO;CALÇADA
PASSIVO;DEPESA
PASSIVO;GASTO
PAÍS;ESTADO
PAÍS;NAÇÃO
PEDIR;SOLICITAR
PEDIR;SOLICITAÇÃO
PEIXE;PESCADO
PENSAR;COGITAR
PERDOAR;PERDÃO
PERDOAR;REMISSÃO
PERDÃO;ANISTIAR
PERDÃO;ANISTIAR
PERIGOSO;TEMERÁRIO
PERMANENTE;PERMANENTEMENTE
PESQUISA;PESQUISADO
PESQUISA;PESQUISADO
PISTA;CAMINHO
PISTA;ROTA
PISTOLEIRO;PISTOLA
PIXAIM;CARAPINHA
PLENAMENTE;PLENITUDE
POSSUI;POSSUIR
POUPANÇA;PECÚLIO
PRECLARA;ADMIRÁVEL
PREDOMINAR;PREVALECER
PREFERIR;PRETERIMENTO
PREJUDICAR;SABOTAGEM
PREJUDICAR;SABOTAR
PREMENTE;URGENTE
PRESENÇA;PRESENCIAR
PRESENÇA;PRESENCIAR
PRESO;RECLUSO
PRETERIR;DESPREZAR
PRETERIR;PRETERIDO
PRETÓRIO;TRIBUNAL
PRINCIPAL;PREPONDERANTE
PRINCIPAL;PREPONDERAR
PRINCIPAL;PREPONDERÂNCIA
PRINCIPAL;SUPREMACIA
PRISÃO;CUSTÓDIA
PRISÃO;DETENÇÃO
PRISÃO;DETENÇÃO
PRISÃO;ESTABELECIMENTO_PENAL
PRISÃO;RECLUSÃO
PROCESSO;PROCESSAR
PROCURAR;PROCURADO
PROCURAR;RASTREAMENTO
PROCURAR;RASTREAR
PROIBIDO;PROIBIR
PROIBIR;PROIBIÇÃO
PROIBIR;VEDADO
PROIBIR;VEDAR
PROIBIR;VEDAÇÃO
PROJETO_LEGISLATIVO;PROPOSIÇÃO_LEGISLATIVA
PROLAÇÃO;PUBLICAÇÃO
PROTEÇÃO;SOB_GUARDA
PROTOCOLO;PROTOCOLIZADO
PROXIMIDADE;IMEDIAÇÃO
PULVERIZAR;PULVERIZAÇÃO
PUNIÇÃO;SANÇÃO
PUXA_SACO;BAJULAR
PÉ_LETRA;LITERALMENTE
QUARTEL;AQUARTELAMENTO
QUESTIONAMENTO;ARGUIÇÃO
QUITADO;QUITAÇÃO
RADIANTE;CONTENTE
RAPIDEZ;CELERIDADE
RATIFICAR;RATIFICADO
REALIZAR;PROMOVER
REBAIXADO;REBAIXADA
RECEITA_EXTRAORÇAMENTÁRIA;RECURSO_EXTRAORÇAMENTÁRIO
RECURSO;RECURSAL
REDUZIR;ABREVIAR
REDUZIR;ENCURTAR
REGIMENTO_INTERNO;REGIMENTO_INTERNO
REGISTRAR;PROTOCOLAR
REGOVAR;REVOGADO
REGULARIZAR;REGULARIZAR
REGULARIZAR;REGULARIZAÇÃO
REMESSA_DINHEIRO;REMESSA_DIVISA
RENDA;RENDIMENTO
REPACTUAR;PACTUAR_NOVAMENTE
REPELAR;AFASTAR
REPETIR;REINCIDENTE
REPETIR;REINCIDIR
REPETIR;REINCIDÊNCIA
REPETIR;REITERAR
REPETIÇÃO;REPRISAR
REPORTAGEM;COBERTURA_JORNALÍSTICA
RESUMIR;SINOPSE
RESUMO;SINOPSE
RETIDO;RETER
RETÓRICA;PALESTRA
REVISTO;REVISAR
REVISÃO;REVISAR
REVISÃO;REVISAR
REVOLTA;MOTIM
RIDICULARIZAR;RIDÍCULA
RIGOR;RIGOROSAMENTE
RUIM;NEGATIVO
RURAL;RURÍCOLA
SALÁRIO;HONORÁRIO
SALÁRIO;ORDENADO
SALÁRIO;PAGAMENTO
SALÁRIO;PROVENTO
SAUDÁVEL;HÍGIDO
SAÚDE;SANIDADE
SAÚDE;SAUDÁVEL
SECUNDADO;SEGUIDO
SELEÇÃO;SELETIVO
SEMÁFORO;SINALEIRA
SENTIMENTO;SENTIMENTAL
SIMULTÂNEO;CONCOMITANTE
SINE_QUA_NON;NECESSÁRIO
SINTONIA;ACORDO
SITUAÇÃO;CONJUNTURA
SUBORDINAR;SUBMETER
SUBSTITUIR;SUBISTITUÍDO
SUFOCAMENTO;SUFOCAR
SUICIDA;SUICIDAR
SUJO;POLUENTE
SUMIÇO;SUMIR
SUMÁRIO;SUMÁRIO
SUPERVENIENTE;POSTERIOR
SUPOSTO;HIPÓTESE
SUPOSTO;SUPOSIÇÃO
TABELIÃO;NOTÁRIO
TABULAÇÃO;TABULAR
TEMPLO_RELIGIOSO;IGREJA
TEMPORÁRIO;PROVISÓRIO
TOQUE_CAIXA;RAPIDAMENTE
TRABALHADOR;MÃO_OBRA
TRABALHADOR;OPERÁRIO
TRABALHADOR;OPERÁRIO
TRABALHO;TRABALHISTA
TRADICIONAL;CONSERVADOR
TRAMBIQUE;FALSO
TRAMBIQUEIRO;FALSO
TRANCAMENTO_PAUTA;SOBRETAMENTO_PAUTA
TRANSA;COITO_VAGÍNICO
TRANSA;CONJUNÇÃO_CARNAL
TRANSA;CÓPULA_VAGINAL
TRANSLADO;DESLOCAMENTO
TRANSMUDAR-SE;TRANSFORMAR
TRIBUNA;PÚLPITO
TRIBUTÁVEL;TRIBUTÁRIO
TRITURADOR;TRITURAR
TRITURAÇÃO;TRITURAR
TROCAR;PERMUTAR
TRÁGICO;TRAGÉDIA
TURBULENTO;AGITAR
TURBULÊNCIA;AGITAR
UNIFICAÇÃO;UNIFICAR
URBANIZAÇÃO;UBSTANÍSTICA
URBANIZAÇÃO;UBSTANÍSTICO
URBANIZAÇÃO;URBANÍSTICA
URBANIZAÇÃO;URBANÍSTICO
UTENSÍLIO;INSTRUMENTO
VAIA;VAIAR
VALIDAR;AUITENTICAR
VALIDAR;CONVALIDAR
VALIDAR;RATIFICAR
VALOR;COTAÇÃO
VALOR;COTAÇÃO_MONETÁRIA
VEGETAÇÃO_RIBEIRINHA;FLORESTA_CILIAR
VEGETAÇÃO_RIPÁRIA;FLORESTA_CILIAR
VEGETAÇÃO_RIPÍCOLA;FLORESTA_CILIAR
VENDER;VENAL
VESPERTINO;VESPERTINA
VIAGEM;VIAJAR
VIGÍLIA;VIGIAR
VISAR;VISANDO
VISITAÇÃO;VISITAR
VITAL;ESSENCIAL
VOTAÇÃO;SUFRÁGIO
XEROX;FOTOCÓPIA
ZOMBARIA;ZOMBAR
ÁGIL;AGILIDADE
ÍNDIO;SILVÍCOLA
ÍNFIMO;IRRISÓRIO
ÓSCULO;BEIJO